{
	"width" : 640,
	"height" : 480,
	"intrinsic_matrix" : 
	[
		1449.144043,
		0,
		0,
		0,
		1456.590741,
		0,
		1199.158041, 
		1036.123288,
		1
	]
}