{
	"class_name" : "PinholeCameraParameters",
	"extrinsic" : 
	[
		0.0,
		0.0,
		0.0,
		0.0,
		0.0,
		0.0,
		0.0,
		0.0,
		0.0,
		6.952359664434447e-310,
		0.0,
		0.0,
		0.0,
		1.4821969375237396e-323,
		0.0,
		0.0
	],
	"intrinsic" : 
	{
		"height" : -1,
		"intrinsic_matrix" : [ 0.0, 0.0, 0.0, 0.0, 0.0, 0.0, 0.0, 0.0, 0.0 ],
		"width" : -1
	},
	"version_major" : 1,
	"version_minor" : 0
}