{
	"class_name" : "PinholeCameraParameters",
	"extrinsic" : 
	[
		0.98460816156039832,
		-0.016113212275925035,
		0.17403198722879568,
		0.0,
		-0.15131506121832067,
		-0.57691025101406546,
		0.80266949270754273,
		0.0,
		0.087467253513235463,
		-0.81664859435686232,
		-0.57046871333826221,
		0.0,
		-13.62054093146439,
		-5.4091165444037781,
		26.287972965939847,
		1.0
	],
	"intrinsic" : 
	{
		"height" : 1056,
		"intrinsic_matrix" : 
		[
			914.52282639636724,
			0.0,
			0.0,
			0.0,
			914.52282639636724,
			0.0,
			927.0,
			527.5,
			1.0
		],
		"width" : 1855
	},
	"version_major" : 1,
	"version_minor" : 0
}